n,time_sec,cert_count
10000,0.016713,100000
30000,0.057259,297006
100000,0.231492,1000000
300000,1.257049,3000000
1000000,3.994517,10000000
3000000,14.719483,30000000
10000000,64.312309,100000000
