n,time_sec,cert_count
10000,1.032000,5385
30000,9.614000,15777
100000,117.305000,52483
