n,time_sec,cert_count
10000,1.144000,5385
30000,9.509000,15777
100000,121.729000,52483
