n,time_sec,cert_count
500,0.718000,500
1000,3.145000,500
2000,12.029000,500
3000,30.077000,500
