n,time_sec,cert_count
10000,0.011076,11479
30000,0.037627,33279
100000,0.167435,112389
300000,0.713684,340505
1000000,2.788755,1134184
3000000,10.598598,3406805
10000000,49.733678,11354586
