n,time_sec,cert_count
10000,0.017000,11834
30000,0.098000,34690
100000,0.298000,112491
300000,0.795000,339665
