method,n,mean_time,sd_time,ci95_lo,ci95_hi,mean_certs
KH++,10316,0.043909,0.003709,0.042524,0.045293,42794
B2,10316,0.044422,0.003426,0.043143,0.045701,42794
