n,time_sec,cert_count
10000,0.533804,5110
30000,5.253351,15677
100000,69.663609,52468
